user_id,username,last_page_scraped
613dbx,613dbx,2
tototoro,sree,28
cinemonika,cinemonika,20
schaffrillas,James (Schaffrillas),18
stk5,SydneyðŸš€,35
georgecarmi,George Carmi,33
justinwuah,justinwuah,25
cjwalsh27,Cam Walsh,21
samarah,samara,20
melodramafilms,mathew,6
incomingmail,ava adore,34
emforce,mememily,41
oppenmommy,Sophie Holsinger,33
mikesmic,mikesmic,5
jasondashbailey,Jason Bailey,50
geneparmesan,Brett Arnold,50
moviesrtherapy,Kit Lazer,50
xomar,Omar!,24
kurstboy,Karsten,32
kanye,allison,15
gab_m,gab_m,11
dayaonfilm,vitor,16
timtamtitus,timtamtitus,19
joshuacaine,JoshuaCaine,27
kennedylizrose,kennedy,11
niceguys,shannon,20
deathproof,Lucy,38
dumbsville,dumbsville,5
jasyang,jas,6
justis117,Justis117,7
elalextreme,Alex.,9
